[
    {
        "firstName": "Vijay",
        "lastName": "reddy",
        "email": "asdv@ymail.com",
        "mobile": ""
    },
    {
        "firstName": "ggdggg",
        "lastName": "nvnvnv",
        "email": "asddd@xmail.com",
        "mobile": ""
    },
    {
        "firstName": "ggdggg",
        "lastName": "nvnvnv",
        "email": "asddd@xmail.com",
        "mobile": ""
    },
    {
        "firstName": "ggdggg",
        "lastName": "nvnvnv",
        "email": "asddd@xmail.com",
        "mobile": ""
    },
    {
        "firstName": null,
        "lastName": null,
        "email": null,
        "mobile": null
    },
    {
        "firstName": "Paki",
        "lastName": "Webb",
        "email": "vahodid@yahoo.com",
        "mobile": "66464646464"
    }
]